id|name
EB01-009|Just Shut Up and Come with Us!!!!
EB01-012|Cavendish
EB01-015|Scratchmen Apoo
EB01-018|Mountain God
EB01-038|Oh Come My Way
EB01-046|Brook
EB01-048|Laboon
EB01-051|Finger Pistol
EB01-057|Shirahoshi
EB01-060|Did Someone Say...Kami?
EB01-061|Mr.2.Bon.KureiBentham
EB02-061|Monkey.D.Luffy
OP01-039|Killer
OP01-055|You Can Be My Samurai!!
OP02-005|Curly.Dadan
OP02-068|Gum-Gum Rain
OP03-008|Buggy
OP03-044|Kaya
OP03-048|Nojiko
OP03-072|Gum-Gum Jet Gatling
OP03-097|Six King Pistol
OP04-016|Bad Manners Kick Course
OP04-077|Ideo
OP04-083|Sabo
OP04-096|Corrida Coliseum
OP05-004|Emporio.Ivankov
OP05-021|Revolutionary Army HQ
OP05-030|Donquixote Rosinante
OP05-036|Monet
OP05-037|Because the Side of Justice Will Be Whichever Side Wins!!
OP05-052|Maynard
OP05-077|Gamma Knife
OP05-091|Rebecca
OP05-097|Mary Geoise
OP05-102|Gedatsu
OP06-007|Shanks
OP06-044|Gion
OP06-047|Charlotte Pudding
OP06-049|Sengoku
OP06-056|Ama no Murakumo Sword
OP06-058|Gravity Blade Raging Tiger
OP06-059|White Snake
OP06-063|Vinsmoke Sora
OP06-073|Shiki
OP06-076|Hitokiri Kamazo
OP06-078|GERMA 66
OP06-107|Kouzuki Momonosuke
OP06-115|You're the One Who Should Disappear.
OP06-118|Roronoa Zoro
OP06-119|Sanji
OP07-014|Moda
OP07-015|Monkey.D.Dragon
OP07-017|Dragon Breath
OP07-021|Urouge
OP07-026|Jewelry Bonney
OP07-029|Basil Hawkins
OP07-031|Bartolomeo
OP07-040|Crocodile
OP07-056|Slave Arrow
OP07-064|Sanji
OP07-076|Slow-Slow Beam Sword
OP07-107|Franky
OP07-109|Monkey.D.Luffy
OP07-114|He Possesses the World's Most Brilliant Mind
OP07-118|Sabo
OP07-119|Portgas.D.Ace
OP08-023|Carrot
OP08-067|Charlotte Pudding
OP08-074|Black Maria
OP08-076|It's to Die For...
OP08-087|Scratchmen Apoo
OP08-099|Kalgara
OP08-118|Silvers Rayleigh
OP09-002|Uta
OP09-004|Shanks
OP09-005|Silvers Rayleigh
OP09-009|Benn.Beckman
OP09-014|Limejuice
OP09-020|Come On!! We'll Fight You!!
OP09-027|Sabo
OP09-033|Nico Robin
OP09-046|Crocodile
OP09-048|Dracule Mihawk
OP09-056|Mr.3Galdino
OP09-057|Cross Guild
OP09-065|Sanji
OP09-069|Trafalgar Law
OP09-072|Franky
OP09-076|Roronoa Zoro
OP09-077|Gum-Gum Lightning
OP09-078|Gum-Gum Giant
OP09-079|Gum-Gum Jump Rope
OP09-084|Catarina Devon
OP09-086|Jesus Burgess
OP09-093|Marshall.D.Teach
OP09-096|My Era...Begins!!
OP09-097|Black Vortex
OP09-098|Black Hole
OP10-011|Tony Tony.Chopper
OP10-018|Ten-Layer Igloo
OP10-032|Tashigi
OP10-046|Kyros
OP10-079|God Thread
OP10-095|Roronoa Zoro
OP10-105|Cavendish
OP10-108|Scratchmen Apoo
OP10-109|Basil Hawkins
OP10-112|"Eustass""Captain""Kid"
OP10-114|X.Drake
OP10-119|Trafalgar Law
P-044|Sabo
P-044|Sabo
P-063|Jinbe
P-063|Jinbe
P-068|Sanji
P-069|Koala
P-070|Carrot
P-073|Sabo
P-073|Sabo
P-074|Portgas.D.Ace
P-074|Portgas.D.Ace
P-075|Monkey.D.Luffy
P-075|Monkey.D.Luffy
P-078|Adio
P-079|Lim
P-081|Dracule Mihawk
P-082|Crocodile
P-083|Shanks
P-085|Jewelry Bonney
P-088|Trafalgar Law
PRB02-001|Koby
PRB02-002|Trafalgar Law
PRB02-003|Lucky.Roux
PRB02-004|Jewelry Bonney
PRB02-005|Monkey.D.Luffy
PRB02-006|Roronoa Zoro
PRB02-007|Jinbe
PRB02-008|Marco
PRB02-009|Mr.3Galdino
PRB02-010|Charlotte Pudding
PRB02-011|Donquixote Doflamingo
PRB02-012|Nami
PRB02-013|Gecko Moria
PRB02-014|Sabo
PRB02-015|Shiryu
PRB02-016|Otama
PRB02-017|Boa Hancock
PRB02-018|Portgas.D.Ace
ST01-011|Brook
ST02-007|Jewelry Bonney
ST06-008|Hina
ST10-005|Jinbe
ST10-008|Shachi & Penguin
ST12-005|Perona
ST12-017|Plastic Surgery Shot
ST13-004|Edward.Newgate
ST13-007|Sabo
ST13-010|Portgas.D.Ace
ST13-014|Monkey.D.Luffy
ST13-019|The Three Brothers' Bond
ST14-007|Nico Robin
ST14-010|Brook
ST14-013|Roronoa Zoro
ST14-016|I Have My Crew!!
ST14-017|Thousand Sunny
ST15-002|Edward.Newgate
ST16-003|Charlotte Katakuri
ST16-004|Shanks
ST16-005|Monkey.D.Luffy
ST17-002|Trafalgar Law
ST17-003|Buggy
ST17-005|Marshall.D.Teach
ST18-001|Uso-Hachi
ST18-002|O-Nami
ST18-003|San-Gorou
ST19-002|Sengoku
ST20-003|Charlotte Brulee
ST21-003|Sanji
EB01-006|Tony Tony.Chopper
OP01-006|Otama
OP01-024|Monkey.D.Luffy
OP01-029|Radical Beam!!
OP01-033|Izo
OP01-041|Kouzuki Momonosuke
OP01-047|Trafalgar Law
OP01-051|"Eustass""Captain""Kid"
OP01-052|Raizo
OP01-070|Dracule Mihawk
OP01-078|Boa Hancock
OP01-120|Shanks
OP01-120|Shanks
OP01-121|Yamato
OP02-004|Edward.Newgate
OP02-013|Portgas.D.Ace
OP02-015|Makino
OP02-018|Marco
OP02-089|Judgment of Hell
OP02-096|Kuzan
OP02-099|Sakazuki
OP02-106|Tsuru
OP02-114|Borsalino
OP02-117|Ice Age
OP02-121|Kuzan
OP03-003|Izo
OP03-055|Gum-Gum Giant Gavel
OP03-056|Sanji's Pilaf
OP03-057|Three Thousand Worlds
OP03-060|Kalifa
OP03-079|Vergo
OP03-089|Brannew
OP03-094|Air Door
OP03-108|Charlotte Cracker
OP03-110|Charlotte Smoothie
OP03-113|Charlotte Perospero
OP03-116|Shirahoshi
OP03-121|Thunder Bolt
OP03-122|Sogeking
OP03-123|Charlotte Katakuri
OP04-029|Dellinger
OP04-031|Donquixote Doflamingo
OP04-032|Baby 5
OP04-036|Donquixote Family
OP04-044|Kaido
OP04-056|Gum-Gum Red Roc
OP04-083|Sabo
OP04-089|Bartolomeo
OP04-095|Barrier!!
OP04-100|"Capone""Gang""Bege"
OP04-104|Sanji
OP04-112|Yamato
OP05-006|Koala
OP05-007|Sabo
OP05-010|Nico Robin
OP05-015|Belo Betty
OP05-034|Baby 5
OP05-043|Ulti
OP05-057|Hound Blaze
OP05-069|Trafalgar Law
OP05-073|Miss DoublefingerZala
OP05-074|"Eustass""Captain""Kid"
OP05-074|"Eustass""Captain""Kid"
OP05-081|One-Legged Toy Soldier
OP05-082|Shirahoshi
OP05-105|Satori
OP05-114|El Thor
OP05-115|Two-Hundred Million Volts Amaru
OP05-117|Upper Yard
OP05-118|Kaido
OP05-119|Monkey.D.Luffy
OP05-119|Monkey.D.Luffy
OP06-003|Emporio.Ivankov
OP06-023|Arlong
OP06-035|Hody Jones
OP06-036|Ryuma
OP06-038|The Billion-fold World Trichiliocosm
OP06-056|Ama no Murakumo Sword
OP06-060|Vinsmoke Ichiji
OP06-064|Vinsmoke Niji
OP06-065|Vinsmoke Niji
OP06-066|Vinsmoke Yonji
OP06-067|Vinsmoke Yonji
OP06-068|Vinsmoke Reiju
OP06-069|Vinsmoke Reiju
OP06-079|Kingdom of GERMA
OP06-086|Gecko Moria
OP06-091|Victoria Cindry
OP06-100|Inuarashi
OP06-106|Kouzuki Hiyori
OP06-110|Nekomamushi
OP06-114|Wyper
OP06-118|Roronoa Zoro
P-014|Koby
P-029|Bartolomeo
P-053|Nami
P-055|Monkey.D.Luffy
PRB01-001|Sanji
ST01-006|Tony Tony.Chopper
ST01-014|Guard Point
ST02-004|"Capone""Gang""Bege"
ST03-005|Dracule Mihawk
ST03-008|Trafalgar Law
ST03-013|Boa Hancock
ST04-003|Kaido
ST04-005|Queen
ST04-016|Blast Breath
ST06-010|Helmeppo
ST06-014|Shockwave
ST07-007|Charlotte Brulee
ST09-014|Narikabura Arrow
ST10-010|Trafalgar Law
ST12-014|Duval
EB03-001|Nefeltari Vivi
EB03-002|Ain
EB03-003|Uta
EB03-004|Carina
EB03-005|Sugar
EB03-006|Nami
EB03-007|Baccarat
EB03-008|Hibari
EB03-009|Makino
EB03-010|Monet
EB03-011|But If We Ever See Each Other Again... Will You Call Me Your Shipmate?!!
EB03-012|Otama
EB03-013|Carrot
EB03-014|Kuina
EB03-015|Camie
EB03-016|Kouzuki Hiyori
EB03-017|Jewelry Bonney
EB03-018|Tashigi
EB03-019|Wanda
EB03-020|There You Are, Sore Loser!
EB03-021|Alvida
EB03-022|Isuka
EB03-023|Kaya
EB03-024|Nefeltari Vivi
EB03-025|Hina
EB03-026|Boa Hancock
EB03-027|Marguerite
EB03-028|Yu
EB03-029|Insolent Fool!! Stand Down!!
EB03-030|Viola
EB03-031|Vinsmoke Reiju
EB03-032|Charlotte Flampe
EB03-033|Charlotte Brulee
EB03-034|Charlotte Linlin
EB03-035|Charlotte Pudding
EB03-036|Baby 5
EB03-037|Lim
EB03-038|Thanks for the Treat. ♡
EB03-039|Ulti
EB03-040|Kalifa
EB03-041|Kujyaku
EB03-042|Koala
EB03-043|Stussy
EB03-044|Black Maria
EB03-045|Perona
EB03-046|Miss DoublefingerZala
EB03-047|Miss.ValentineMikita
EB03-048|Rebecca
EB03-049|I Knew You People Were Behind This.
EB03-050|Conis
EB03-051|Charlotte Smoothie
EB03-052|Shirahoshi
EB03-053|Nami
EB03-054|Nico Robin
EB03-055|Nico Robin
EB03-056|Belo Betty
EB03-057|Yamato
EB03-058|Lilith
EB03-059|S-Snake
EB03-060|Will You Be My Servant?
EB03-061|Uta
EB03-062|Trafalgar Law
EB02-001|Karoo
EB02-002|Sabo
EB02-003|Tony Tony.Chopper
EB02-004|Don Accino
EB02-005|Fake Straw Hat Crew
EB02-006|Yamato
EB02-007|Cloven Rose Blizzard
EB02-008|The Peak
EB02-009|Thousand Sunny
EB02-010|Monkey.D.Luffy
EB02-011|Arlong
EB02-012|Gaimon
EB02-013|Carrot
EB02-014|Sarfunkel
EB02-015|Jewelry Bonney
EB02-016|Chopperman
EB02-017|Nami
EB02-018|Buggy
EB02-019|Roronoa Zoro
EB02-020|We Are!
EB02-021|Gum-Gum Giant Pistol
EB02-022|Usopp
EB02-023|Crocodile
EB02-024|Sogeking
EB02-025|Donquixote Rosinante
EB02-026|Nefeltari Vivi
EB02-027|Vista
EB02-028|Portgas.D.Ace
EB02-029|Grandpa Ryu
EB02-030|And That's When Somebody Makes Fun of Their Friend's Dream!!!!
EB02-031|Hope
EB02-032|Iceburg
EB02-033|Klabautermann
EB02-034|Komei
EB02-035|Sanji & Pudding
EB02-036|Nico Robin
EB02-037|Franky
EB02-038|Magellan
EB02-039|GERMA 66
EB02-040|BRAND NEW WORLD
EB02-041|Merry Go
EB02-042|All-Hunt Grount
EB02-043|Jonathan
EB02-044|Sengoku
EB02-045|Trafalgar Law
EB02-046|Hildon
EB02-047|Blueno
EB02-048|Brook
EB02-049|Monkey.D.Garp
EB02-050|Kokoro no Chizu
EB02-051|Three-Pace Hum Soul Notch Slash
EB02-052|Enel
EB02-053|Myskina Olga
EB02-054|Sanji
EB02-055|Jinbe
EB02-056|Vegapunk
EB02-057|Mad Treasure
EB02-058|UUUUUS!
EB02-059|Without Your Help I Can't Become the King of the Pirates!!!!
EB02-060|Merry Go
EB02-061|Monkey.D.Luffy
EB01-001|Kouzuki Oden
EB01-002|Izo
EB01-003|Kid & Killer
EB01-004|Koza
EB01-005|Doma
EB01-006|Tony Tony.Chopper
EB01-007|Yamato
EB01-008|LittleOars Jr.
EB01-009|Just Shut Up and Come with Us!!!!
EB01-010|There's No Way You Could Defeat Me!!
EB01-011|Mini-Merry
EB01-012|Cavendish
EB01-013|Kouzuki Hiyori
EB01-014|Sanji
EB01-015|Scratchmen Apoo
EB01-016|Bingoh
EB01-017|Blueno
EB01-018|Mountain God
EB01-019|Off-White
EB01-020|Chambres
EB01-021|Hannyabal
EB01-022|Inazuma
EB01-023|Edward Weevil
EB01-024|Hamlet
EB01-025|Fourtricks
EB01-026|Prince Bellett
EB01-027|Mr.1Daz.Bonez
EB01-028|Gum-Gum Champion Rifle
EB01-029|Sorry. I'm a Goner.
EB01-030|Loguetown
EB01-031|Kalifa
EB01-032|Army Wolves
EB01-033|Blueno
EB01-034|Ms. Wednesday
EB01-035|Ms. Monday
EB01-036|Minochihuahua
EB01-037|Mr. 9
EB01-038|Oh Come My Way
EB01-039|Conquerer of Three Worlds Ragnaraku
EB01-040|Kyros
EB01-041|Crocus
EB01-042|Scarlet
EB01-043|Spandine
EB01-044|Funkfreed
EB01-045|Brook
EB01-046|Brook
EB01-047|Laboon
EB01-048|Laboon
EB01-049|T-Bone
EB01-050|...I Want to Live!!
EB01-051|Finger Pistol
EB01-052|Viola
EB01-053|Gastino
EB01-054|Gan.Fall
EB01-055|Charlotte Compote
EB01-056|Charlotte Flampe
EB01-057|Shirahoshi
EB01-058|Mont Blanc Cricket
EB01-059|Kingdom Come
EB01-060|Did Someone Say...Kami?
EB01-061|Mr.2.Bon.KureiBentham
EB04-011|Scaled Neptunian
EB04-012|Kikunojo
EB04-013|Carrot
EB04-014|Kozuki Sukiyaki
EB04-015|Jinbe
EB04-016|Bird Neptunian
EB04-017|Mystoms
EB04-018|Megalo
EB04-019|Eleclaw
EB04-020|Shark Brick Fist
EB04-021|Igaram
EB04-022|Issho
EB04-023|Chaka & Pell
EB04-024|Terracotta
EB04-025|Nefeltari Vivi
EB04-026|Bluegrass
EB04-027|Boa Hancock
EB04-028|Ice Time
EB04-029|I Heard the Sound...of a Lady's Teardrops Falling
EB04-030|Kaido
EB04-031|King
EB04-032|Queen
EB04-033|Groggy Monsters
EB04-034|Charlotte Pudding
EB04-035|Hitokiri Kamazo
EB04-036|Foxy
EB04-037|Porche
EB04-038|Rosinante & Law
EB04-039|"Eustass""Captain""Kid"
EB04-040|Flame Dragon Torch
EB04-041|Stealth Black
OP14-001|Trafalgar Law
OP14-002|Urouge
OP14-003|"Capone""Gang""Bege"
OP14-004|Cavendish
OP14-005|Killer
OP14-006|Shachi & Penguin
OP14-007|Jewelry Bonney
OP14-008|Scratchmen Apoo
OP14-009|Trafalgar Law
OP14-010|Basil Hawkins
OP14-011|Bartolomeo
OP14-012|Bepo
OP14-013|Monkey.D.Luffy
OP14-014|"Eustass""Captain""Kid"
OP14-015|Roronoa Zoro
OP14-016|X.Drake
OP14-017|Chambres
OP14-018|Time for the Counterattack
OP14-019|I Have a Plan to Take Down One of the Four Emperors!!
OP14-020|Dracule Mihawk
OP14-021|Issho
OP14-022|Usopp
OP14-023|Kikunojo
OP14-024|Kin'emon
OP14-025|Kuro
OP14-026|Kouzuki Oden
OP14-027|Shanks
OP14-028|Johnny
OP14-029|Tashigi
OP14-030|Chaka & Pell
OP14-031|Nami
OP14-032|Humandrill
OP14-033|Perona
OP14-034|Monkey.D.Luffy
OP14-035|Yosaku
OP14-036|Strive to Surpass me, Roronoa Zoro!!!
OP14-037|For Fun
OP14-038|I Never Bother to Remember the Faces of Trash
OP14-039|Coffin Boat
OP14-040|Jinbe
OP14-041|Boa Hancock
OP14-042|Arlong
OP14-043|Aladine
OP14-044|Edward.Newgate
OP14-045|Kuroobi
OP14-046|Koala
OP14-047|Shirahoshi
OP14-048|Shiryu
OP14-049|Jinbe
OP14-050|Chew
OP14-051|Hatchan
OP14-052|Hannyabal
OP14-053|Vista
OP14-054|Fisher Tiger
OP14-055|The Macro Gang
OP14-056|Wadatsumi
OP14-057|Don't Worry!! I'm Here!!
OP14-058|Ocean Current Shoulder Throw
OP14-059|Please Take Me with You!! I Can Be of Great Help to You!!
OP14-060|Donquixote Doflamingo
OP14-061|Vergo
OP14-062|Gladius
OP14-063|Sugar
OP14-064|Giolla
OP14-065|Senor Pink
OP14-066|Diamante
OP14-067|Dellinger
OP14-068|Trebol
OP14-069|Donquixote Doflamingo
OP14-070|Buffalo
OP14-071|Pica
OP14-072|Baby 5
OP14-073|Machvise
OP14-074|Monet
OP14-075|Lao.G
OP14-076|Ever White
OP14-077|Penta-Chromatic String
OP14-078|Bullet String
OP14-079|Crocodile
OP14-080|Gecko Moria
OP14-081|Spider Mice
OP14-082|Oinkchuck
OP14-083|Ms. Wednesday
OP14-084|Ms. All Sunday
OP14-085|Miss.GoldenweekMarianne
OP14-086|Miss DoublefingerZala
OP14-087|Miss.ValentineMikita
OP14-088|Miss.MerryChristmasDrophy
OP14-089|Ryuma
OP14-090|Mr.1Daz.Bonez
OP14-091|Mr.2.Bon.KureiBentham
OP14-092|Mr.3Galdino
OP14-093|Mr.4Babe
OP14-094|Mr.5Gem
OP14-095|Mr.9
OP14-096|Ground Death
OP14-097|Hurry Up and Make Me the Pirate King!
OP14-098|Crescent Cutlass
OP14-099|Disappointed?
OP14-100|Absalom
OP14-101|Oars
OP14-102|Kumacy
OP14-103|Gloriosa Grandma Nyon
OP14-104|Gecko Moria
OP14-105|Gorgon Sisters
OP14-106|Salome
OP14-107|Shakuyaku
OP14-108|Silvers Rayleigh
OP14-109|Victoria Cindry
OP14-110|Dr. Hogback
OP14-111|Perona
OP14-112|Boa Hancock
OP14-113|Marguerite
OP14-114|Ran
OP14-115|Rindo
OP14-116|Salamander
OP14-117|Brick Bat
OP14-118|You'll Frighten Me... ♡
OP14-119|Dracule Mihawk
OP14-120|Crocodile
OP13-001|Monkey.D.Luffy
OP13-002|Portgas.D.Ace
OP13-003|Gol.D.Roger
OP13-004|Sabo
OP13-005|Inazuma
OP13-006|Woop Slap
OP13-007|Ace & Sabo & Luffy
OP13-008|Emporio.Ivankov
OP13-009|Curly.Dadan
OP13-010|Lord of the Coast
OP13-011|Nefeltari Cobra
OP13-012|Nefeltari Vivi
OP13-013|Higuma
OP13-014|Portgas.D.Rouge
OP13-015|Makino
OP13-016|Monkey.D.Garp
OP13-017|Monkey.D.Dragon
OP13-018|Wapol
OP13-019|But Ace Here Said You Deserved It!!
OP13-020|Meteor Fist
OP13-021|Gum-Gum Gatling Gun
OP13-022|Windmill Village
OP13-023|Uta
OP13-024|Gordon
OP13-025|Koby
OP13-026|Sunny-Kun
OP13-027|Sanji
OP13-028|Shanks
OP13-029|Jinbe
OP13-030|Tony Tony.Chopper
OP13-031|Trafalgar Law
OP13-032|Nico Robin
OP13-033|Franky
OP13-034|Brook
OP13-035|Bepo
OP13-036|Helmeppo
OP13-037|Roronoa Zoro
OP13-038|Gum-Gum Elephant Gun
OP13-039|Gum-Gum Snake Shot
OP13-040|I Know You're Strong... So I'll Go All Out from the Very Start!!!
OP13-041|Izo
OP13-042|Edward.Newgate
OP13-043|Otama
OP13-044|Curiel
OP13-045|Haruta
OP13-046|Vista
OP13-047|Fossa
OP13-048|Blamenco
OP13-049|Blenheim
OP13-050|Boa Sandersonia
OP13-051|Boa Hancock
OP13-052|Boa Marigold
OP13-053|Marshall.D.Teach
OP13-054|Yamato
OP13-055|Rakuyo
OP13-056|LittleOars Jr.
OP13-057|If I Bowed Down to Power, What's the Point in Living?
OP13-058|Phoenix Pyreapple
OP13-059|Brilliant Punk
OP13-060|Amatsuki Toki
OP13-061|Inuarashi
OP13-062|Crocus
OP13-063|Kouzuki Oden
OP13-064|Gol.D.Roger
OP13-065|Shanks
OP13-066|Silvers Rayleigh
OP13-067|Scopper Gaban
OP13-068|Douglas Bullet
OP13-069|Tom
OP13-070|Napoleon
OP13-071|Nekomamushi
OP13-072|Buggy
OP13-073|Prometheus
OP13-074|Hera
OP13-075|Guess We'll Have Another Scrap. You Can Only Risk Death While You're Still Alive!!
OP13-076|Divine Departure
OP13-077|Go All the Way to the Top!!
OP13-078|Oro Jackson
OP13-079|Imu
OP13-080|St. Ethanbaron V. Nusjuro
OP13-081|Koala
OP13-082|Five Elders
OP13-083|St. Jaygarcia Saturn
OP13-084|St. Shepherd Ju Peter
OP13-085|Saint Jalmac
OP13-086|Saint Shalria
OP13-087|Saint Charlos
OP13-088|Terry Gilteo
OP13-089|St. Topman Warcury
OP13-090|Hack
OP13-091|St. Marcus Mars
OP13-092|Saint Mjosgard
OP13-093|Morgans
OP13-094|York
OP13-095|Saint Rosward
OP13-096|The Five Elders Are at Your Service!!!
OP13-097|The World's Equilibrium Cannot Be Maintained Forever
OP13-098|Never Existed... in the First Place...
OP13-099|The Empty Throne
OP13-100|Jewelry Bonney
OP13-101|Atlas
OP13-102|Edison
OP13-103|Gyogyo
OP13-104|Kouzuki Hiyori
OP13-105|Kouzuki Momonosuke
OP13-106|Conney
OP13-107|Shaka
OP13-108|Jewelry Bonney
OP13-109|Jewelry Bonney
OP13-110|Stussy
OP13-111|Pythagoras
OP13-112|Vegapunk
OP13-113|Lilith
OP13-114|S-Snake
OP13-115|Paper Art Afterimage
OP13-116|The One Who Is the Most Free Is the Pirate King!!!
OP13-117|Gum-Gum Dawn Stamp
OP13-118|Monkey.D.Luffy
OP13-119|Portgas.D.Ace
OP13-120|Sabo
OP12-001|Silvers Rayleigh
OP12-002|Edward.Newgate
OP12-003|Crocus
OP12-004|Kouzuki Oden
OP12-005|Shiki
OP12-006|Shakuyaku
OP12-007|Shanks
OP12-008|Shanks
OP12-009|Jinbe
OP12-010|Douglas Bullet
OP12-011|Duval
OP12-012|Buggy
OP12-013|Hatchan
OP12-014|Boa Hancock
OP12-015|Monkey.D.Luffy
OP12-016|To Never Doubt--That Is Power!
OP12-017|Color of Observation Haki
OP12-018|Color of the Supreme King Haki
OP12-019|Color of Arms Haki
OP12-020|Roronoa Zoro
OP12-021|Ipponmatsu
OP12-022|Inuarashi
OP12-023|Kawamatsu
OP12-024|Gyukimaru
OP12-025|Kin'emon
OP12-026|Kuina
OP12-027|Koushirou
OP12-028|Kouzuki Hiyori
OP12-029|Shimotsuki Kouzaburou
OP12-030|Dracule Mihawk
OP12-031|Tashigi
OP12-032|Nekomamushi
OP12-033|Helmeppo
OP12-034|Perona
OP12-035|Morgan
OP12-036|Roronoa Zoro
OP12-037|Demon Aura Nine Sword Style Asura Blades Drawn Dead Man's Game
OP12-038|Two-Sword Style Rashomon
OP12-039|Luffy Is the Man Who Will Become the King of Pirates!!!
OP12-040|Kuzan
OP12-041|Sanji
OP12-042|Alvida
OP12-043|Kuzan
OP12-044|Sakazuki
OP12-045|Jango
OP12-046|ZephyrNavy
OP12-047|Sengoku
OP12-048|Donquixote Rosinante
OP12-049|Buggy
OP12-050|Jaguar.D.Saul
OP12-051|Hina
OP12-052|Fullbody
OP12-053|Borsalino
OP12-054|Marshall.D.Teach
OP12-055|Mohji & Cabaji
OP12-056|Monkey.D.Garp
OP12-057|Ice Block Pheasant Peck
OP12-058|I Will Make Whitebeard the King of the Pirates
OP12-059|Concasser
OP12-060|Boeuf Burst
OP12-061|Donquixote Rosinante
OP12-062|Vinsmoke Sora
OP12-063|Vinsmoke Reiju
OP12-064|Vergo
OP12-065|Emporio.Ivankov
OP12-066|Carne
OP12-067|Carmen
OP12-068|Gin
OP12-069|Crocodile
OP12-070|Sanji
OP12-071|Charlotte Pudding
OP12-072|Zeff
OP12-073|Trafalgar Law
OP12-074|Patty
OP12-075|Ms. All Sunday
OP12-076|Monet
OP12-077|"The ""Extinguishes All Sound Created by Your Influence"" Technique"
OP12-078|Brochette Blow
OP12-079|Luffy Is the Man Who Will Be King of the Pirates!!!
OP12-080|Baratie
OP12-081|Koala
OP12-082|Issho
OP12-083|Inazuma
OP12-084|Emporio.Ivankov
OP12-085|Karasu
OP12-086|Koala
OP12-087|Nico Robin
OP12-088|Bastille
OP12-089|Hack
OP12-090|Belo Betty
OP12-091|Poker
OP12-092|Mizerka
OP12-093|Morley
OP12-094|Monkey.D.Dragon
OP12-095|Lindbergh
OP12-096|Ursa Shock
OP12-097|Captains Assembled
OP12-098|Hair Removal Fist
OP12-099|Kalgara
OP12-100|Sabo
OP12-101|Jewelry Bonney
OP12-102|Shirahoshi
OP12-103|Seto
OP12-104|Sentomaru
OP12-105|Trafalgar Lammy
OP12-106|Trafalgar Law
OP12-107|Donquixote Doflamingo
OP12-108|Donquixote Rosinante
OP12-109|Pacifista
OP12-110|Buffalo
OP12-111|Baby 5
OP12-112|Baby 5
OP12-113|Roronoa Zoro
OP12-114|Wyper
OP12-115|I Love You!!
OP12-116|We'll Ring the Bell Waiting for You!!
OP12-117|Slam Gibson
OP12-118|Jewelry Bonney
OP12-119|Bartholomew Kuma
OP11-001|Koby
OP11-002|Ain
OP11-003|Usopp
OP11-004|Kujyaku
OP11-005|Smoker
OP11-006|Zephyr
OP11-007|Tashigi
OP11-008|Doll
OP11-009|Nico Robin
OP11-010|Hibari
OP11-011|Bins
OP11-012|Franky
OP11-013|Prince Grus
OP11-014|Borsalino
OP11-015|Mocha
OP11-016|Roronoa Zoro
OP11-017|X.Drake
OP11-018|Honesty Impact
OP11-019|Glorp Web!!
OP11-020|X Calibur
OP11-021|Jinbe
OP11-022|Shirahoshi
OP11-023|Arlong
OP11-024|Aladine
OP11-025|Ishilly
OP11-026|Scaled Neptunian
OP11-027|Bulge-Eyed Neptunian
OP11-028|Lord of the Coast
OP11-029|Charlotte Praline
OP11-030|Shirahoshi
OP11-031|Jinbe
OP11-032|Surume
OP11-033|Bird Neptunian
OP11-034|Hatchan
OP11-035|Fisher Tiger
OP11-036|Spotted Neptunian
OP11-037|Ancient Weapon Poseidon
OP11-038|Gum-Gum Elephant Gatling
OP11-039|Vagabond Drill
OP11-040|Monkey.D.Luffy
OP11-041|Nami
OP11-042|Vito
OP11-043|Vinsmoke Ichiji
OP11-044|Vinsmoke Judge
OP11-045|Vinsmoke Niji
OP11-046|Vinsmoke Yonji
OP11-047|Vinsmoke Reiju
OP11-048|"Capone""Gang""Bege"
OP11-049|Carrot
OP11-050|Gotti
OP11-051|Sanji
OP11-052|Charlotte Lola
OP11-053|Tony Tony.Chopper
OP11-054|Nami
OP11-055|Bartolomeo
OP11-056|Brook
OP11-057|Pedro
OP11-058|Monkey.D.Luffy
OP11-059|Gum-Gum King Cobra
OP11-060|Let's Crash This Wedding!!!
OP11-061|Gum-Gum Jet Culverin
OP11-062|Charlotte Katakuri
OP11-063|Little Sadi
OP11-064|Saldeath
OP11-065|Charlotte Anana
OP11-066|Charlotte Oven
OP11-067|Charlotte Katakuri
OP11-068|Charlotte Daifuku
OP11-069|Charlotte Brulee
OP11-070|Charlotte Pudding
OP11-071|Charlotte Perospero
OP11-072|Charlotte Mont-d'or
OP11-073|Charlotte Linlin
OP11-074|Streusen
OP11-075|Jaguar.D.Saul
OP11-076|Hannyabal
OP11-077|Randolph
OP11-078|Decuplets
OP11-079|When Two Men Are Fighting the Last Thing I Need Is Some Half-Hearted Assistance!!!!
OP11-080|Gear Two
OP11-081|Cognac Mama-Mash
OP11-082|Aramaki
OP11-083|Caribou
OP11-084|Kuzan
OP11-085|Kurozumi Orochi
OP11-086|Coribou
OP11-087|Miss Sarahebi
OP11-088|Shu
OP11-089|Black Maria
OP11-090|Briscola
OP11-091|Berry Good
OP11-092|Helmeppo
OP11-093|Bogard
OP11-094|Morgan
OP11-095|Monkey.D.Garp
OP11-096|Ripper
OP11-097|After All These Years I'm Losing My Edge!!!
OP11-098|Blue Hole
OP11-099|I'm Gonna Be a Navy Officer!!!
OP11-100|Otohime
OP11-101|"Capone""Gang""Bege"
OP11-102|Camie
OP11-103|Long-Jaw Neptunian
OP11-104|Shirley
OP11-105|Charlotte Chiffon
OP11-106|Zeus
OP11-107|Topknot Neptunian
OP11-108|Neptune
OP11-109|Pappag
OP11-110|Fukaboshi
OP11-111|Mamboshi
OP11-112|Megalo
OP11-113|Ryuboshi
OP11-114|Gum-Gum Fire-Fist Pistol Red Hawk
OP11-115|You're Just Not My Type!
OP11-116|Merman Combat Ultramarine
OP11-117|Fish-Man Island
OP11-118|Monkey.D.Luffy
OP11-119|Koby
OP10-001|Smoker
OP10-002|Caesar Clown
OP10-003|Sugar
OP10-004|Vergo
OP10-005|Sanji
OP10-006|Caesar Clown
OP10-007|Ceaser Soldier
OP10-008|Scotch
OP10-009|Smiley
OP10-010|Chadros.Higelyges Brownbeard
OP10-011|Tony Tony.Chopper
OP10-012|Dragon Number Thirteen
OP10-013|Nami
OP10-014|Franky
OP10-015|Mocha
OP10-016|Monet
OP10-017|Rock
OP10-018|Ten-Layer Igloo
OP10-019|Divine Departure
OP10-020|Gum-Gum UFO
OP10-021|Punk Hazard
OP10-022|Trafalgar Law
OP10-023|Issho
OP10-024|Edward.Newgate
OP10-025|Enel
OP10-026|Kin'emon
OP10-027|Kin'emon
OP10-028|Kouzuki Momonosuke
OP10-029|Dracule Mihawk
OP10-030|Smoker
OP10-031|Sengoku
OP10-032|Tashigi
OP10-033|Nami
OP10-034|Franky
OP10-035|Brook
OP10-036|Perona
OP10-037|Lim
OP10-038|Roronoa Zoro
OP10-039|Gum-Gum Dragon Fire Pistol Twister Star
OP10-040|The Weak Do Not Have the Right to Choose How They Die
OP10-041|Radio Knife
OP10-042|Usopp
OP10-043|Moocy
OP10-044|Cub
OP10-045|Cavendish
OP10-046|Kyros
OP10-047|Koala
OP10-048|Sai
OP10-049|Sabo
OP10-050|Hajrudin
OP10-051|Hack
OP10-052|Bartolomeo
OP10-053|Bian
OP10-054|Blue Gilly
OP10-055|Marco
OP10-056|Mansherry
OP10-057|Leo
OP10-058|Rebecca
OP10-059|Fo...llow...Me...and...I...Will...Gui...de...You
OP10-060|Barrier-Barrier Pistol
OP10-061|Special Long-Range Attack!! Bagworm
OP10-062|Violet
OP10-063|Vinsmoke Sanji
OP10-064|Clone Soldier
OP10-065|Sugar
OP10-066|Giolla
OP10-067|Senor Pink
OP10-068|Diamante
OP10-069|Fighting Fish
OP10-070|Trebol
OP10-071|Donquixote Doflamingo
OP10-072|Donquixote Rosinante
OP10-073|Buffalo
OP10-074|Pica
OP10-075|Foxy
OP10-076|Baby 5
OP10-077|Bellamy
OP10-078|I Do Not Forgive Those Who Laugh at My Family!!!
OP10-079|God Thread
OP10-080|Little Black Bears
OP10-081|Usopp
OP10-082|Kuzan
OP10-083|Kouzuki Momonosuke
OP10-084|Sanjuan.Wolf
OP10-085|Jesus Burgess
OP10-086|Shiryu
OP10-087|Tony Tony.Chopper
OP10-088|Nami
OP10-089|Nico Robin
OP10-090|Franky
OP10-091|Brook
OP10-092|Perona
OP10-093|Saint Homing
OP10-094|Ryuma
OP10-095|Roronoa Zoro
OP10-096|There’s No Longer Any Need for the Seven Warlords of the Sea!!!
OP10-097|Gum-Gum Rhino Schneider
OP10-098|Liberation
OP10-099|"Eustass""Captain""Kid"
OP10-100|Inazuma
OP10-101|Urouge
OP10-102|Emporio.Ivankov
OP10-103|"Capone""Gang""Bege"
OP10-104|Caribou
OP10-105|Cavendish
OP10-106|Killer
OP10-107|Jewelry Bonney
OP10-108|Scratchmen Apoo
OP10-109|Basil Hawkins
OP10-110|Heat & Wire
OP10-111|Monkey.D.Luffy
OP10-112|"Eustass""Captain""Kid"
OP10-113|Roronoa Zoro
OP10-114|X.Drake
OP10-115|Let's Meet Again in the New World
OP10-116|Damned Punk
OP10-117|ROOM
OP10-118|Monkey.D.Luffy
OP10-119|Trafalgar Law
OP09-001|Shanks
OP09-002|Uta
OP09-003|Shachi & Penguin
OP09-004|Shanks
OP09-005|Silvers Rayleigh
OP09-006|Howling Gab
OP09-007|Heat
OP09-008|Building Snake
OP09-009|Benn.Beckman
OP09-010|Bonk Punch
OP09-011|Hongo
OP09-012|Monster
OP09-013|Yasopp
OP09-014|Limejuice
OP09-015|Lucky.Roux
OP09-016|Rockstar
OP09-017|Wire
OP09-018|Get Out of Here!
OP09-019|Nobody Hurts a Friend of Mine!!!!
OP09-020|Come On!! We'll Fight You!!
OP09-021|Red Force
OP09-022|Lim
OP09-023|Adio
OP09-024|Usopp
OP09-025|Crocodile
OP09-026|Sakazuki
OP09-027|Sabo
OP09-028|Sanji
OP09-029|Tony Tony.Chopper
OP09-030|Trafalgar Law
OP09-031|Donquixote Doflamingo
OP09-032|Donquixote Rosinante
OP09-033|Nico Robin
OP09-034|Perona
OP09-035|Portgas.D.Ace
OP09-036|Monkey.D.Luffy
OP09-037|Lim
OP09-038|Rob Lucci
OP09-039|Gum-Gum Cuatro Jet Cross Shock Bazooka
OP09-040|Thunder Lance Flip Caliber Phoenix Shot
OP09-041|Soul Franky Swing Arm Boxing Solid
OP09-042|Buggy
OP09-043|Alvida
OP09-044|Izo
OP09-045|Cabaji
OP09-046|Crocodile
OP09-047|Kouzuki Oden
OP09-048|Dracule Mihawk
OP09-049|Jozu
OP09-050|Nami
OP09-051|Buggy
OP09-052|Marco
OP09-053|Mohji
OP09-054|Richie
OP09-055|Mr.1Daz.Bonez
OP09-056|Mr.3Galdino
OP09-057|Cross Guild
OP09-058|Special Muggy Ball
OP09-059|Murder at the Steam Bath
OP09-060|Emptee Bluffs Island
OP09-061|Monkey.D.Luffy
OP09-062|Nico Robin
OP09-063|Usopp
OP09-064|Killer
OP09-065|Sanji
OP09-066|Jean Bart
OP09-067|Jinbe
OP09-068|Tony Tony.Chopper
OP09-069|Trafalgar Law
OP09-070|Nami
OP09-071|Nico Robin
OP09-072|Franky
OP09-073|Brook
OP09-074|Bepo
OP09-075|"Eustass""Captain""Kid"
OP09-076|Roronoa Zoro
OP09-077|Gum-Gum Lightning
OP09-078|Gum-Gum Giant
OP09-079|Gum-Gum Jump Rope
OP09-080|Thousand Sunny
OP09-081|Marshall.D.Teach
OP09-082|Avalo Pizarro
OP09-083|Van Augur
OP09-084|Catarina Devon
OP09-085|Gecko Moria
OP09-086|Jesus Burgess
OP09-087|Charlotte Pudding
OP09-088|Shiryu
OP09-089|Stronger
OP09-090|Doc Q
OP09-091|Vasco Shot
OP09-092|Marshall.D.Teach
OP09-093|Marshall.D.Teach
OP09-094|Peachbeard
OP09-095|Laffitte
OP09-096|My Era...Begins!!
OP09-097|Black Vortex
OP09-098|Black Hole
OP09-099|Fullalead
OP09-100|Karasu
OP09-101|Kuzan
OP09-102|Professor Clover
OP09-103|Koala
OP09-104|Sabo
OP09-105|Sanji
OP09-106|Nico Olvia
OP09-107|Nico Robin
OP09-108|Bartholomew Kuma
OP09-109|Jaguar.D.Saul
OP09-110|Pierre
OP09-111|Brook
OP09-112|Belo Betty
OP09-113|Morley
OP09-114|Lindbergh
OP09-115|Ice Block Partisan
OP09-116|Never Underestimate the Power of Miracles!!
OP09-117|Dereshi!
OP09-118|Gol.D.Roger
OP09-119|Monkey.D.Luffy
OP08-001|Tony Tony.Chopper
OP08-002|Marco
OP08-003|Twenty Doctors
OP08-004|Kuromarimo
OP08-005|Chess
OP08-006|Chessmarimo
OP08-007|Tony Tony.Chopper
OP08-008|Dalton
OP08-009|Maria Onion Bear
OP08-010|Hiking Bear
OP08-011|Musshuru
OP08-012|Lapins
OP08-013|Robson
OP08-014|Wapol
OP08-015|Dr.Kureha
OP08-016|Dr.Hiriluk
OP08-017|I'd Never Shoot You!!!!
OP08-018|Cloven Rose
OP08-019|Munch-Munch Mutation
OP08-020|Drum Kingdom
OP08-021|Carrot
OP08-022|Inuarashi
OP08-023|Carrot
OP08-024|Concelot
OP08-025|Shishilian
OP08-026|Giovanni
OP08-027|Tristan
OP08-028|Nekomamushi
OP08-029|Pekoms
OP08-030|Pedro
OP08-031|Miyagi
OP08-032|Milky
OP08-033|Roddy
OP08-034|Wanda
OP08-035|BB
OP08-036|Electrical Luna
OP08-037|Garchu
OP08-038|We Would Never Sell a Comrade to an Enemy!!!
OP08-039|Zou
OP08-040|Atmos
OP08-041|Aphelandra
OP08-042|Edward Weevil
OP08-043|Edward.Newgate
OP08-044|Kingdew
OP08-045|Thatch
OP08-046|Shakuyaku
OP08-047|Jozu
OP08-048|Sweetpea
OP08-049|Speed Jil
OP08-050|Namule
OP08-051|Buckin
OP08-052|Portgas.D.Ace
OP08-053|Thank You...for Loving Me!!
OP08-054|You Can't Take Our King This Early in the Game.
OP08-055|Phoenix Brand
OP08-056|Moby Dick
OP08-057|King
OP08-058|Charlotte Pudding
OP08-059|Alber
OP08-060|King
OP08-061|Charlotte Oven
OP08-062|Charlotte Katakuri
OP08-063|Charlotte Katakuri
OP08-064|Charlotte Cracker
OP08-065|Charlotte Smoothie
OP08-066|Charlotte Brulee
OP08-067|Charlotte Pudding
OP08-068|Charlotte Perospero
OP08-069|Charlotte Linlin
OP08-070|Baron Tamago
OP08-071|Count Niwatori
OP08-072|Biscuit Warrior
OP08-073|Viscount Hiyoko
OP08-074|Black Maria
OP08-075|Candy Maiden
OP08-076|It's to Die For...
OP08-077|Conquest of the Sea
OP08-078|Ulti
OP08-079|Kaido
OP08-080|Queen
OP08-081|Guernica
OP08-082|Sasaki
OP08-083|Sheepshead
OP08-084|Jack
OP08-085|Jinbe
OP08-086|Ginrummy
OP08-087|Scratchmen Apoo
OP08-088|Duval
OP08-089|Basil Hawkins
OP08-090|Hamlet
OP08-091|Who's.Who
OP08-092|Page One
OP08-093|X.Drake
OP08-094|Imperial Flame
OP08-095|Iron Body Fang Flash
OP08-096|People's Dreams Don't Ever End!!
OP08-097|Heliceratops
OP08-098|Kalgara
OP08-099|Kalgara
OP08-100|South Bird
OP08-101|Charlotte Angel
OP08-102|Charlotte Opera
OP08-103|Charlotte Custard
OP08-104|Charlotte Poire
OP08-105|Jewelry Bonney
OP08-106|Nami
OP08-107|Nitro
OP08-108|Mont Blanc Cricket
OP08-109|Mont Blanc Noland
OP08-110|Wyper
OP08-111|S-Shark
OP08-112|S-Snake
OP08-113|S-Bear
OP08-114|S-Hawk
OP08-115|The Earth Will Not Lose!
OP08-116|Burn Bazooka
OP08-117|Burn Blade
OP08-118|Silvers Rayleigh
OP08-119|Kaido & Linlin
OP07-001|Monkey.D.Dragon
OP07-002|Ain
OP07-003|Outlook III
OP07-004|Curly.Dadan
OP07-005|Carina
OP07-006|Sterry
OP07-007|Dice
OP07-008|Mr. Tanaka
OP07-009|Dogura & Magura
OP07-010|Baccarat
OP07-011|Bluejam
OP07-012|Porchemy
OP07-013|Masked Deuce
OP07-014|Moda
OP07-015|Monkey.D.Dragon
OP07-016|Galaxy Wink
OP07-017|Dragon Breath
OP07-018|KEEP OUT
OP07-019|Jewelry Bonney
OP07-020|Aladine
OP07-021|Urouge
OP07-022|Otama
OP07-023|Caribou
OP07-024|Koala
OP07-025|Coribou
OP07-026|Jewelry Bonney
OP07-027|Jinbe
OP07-028|Scratchmen Apoo
OP07-029|Basil Hawkins
OP07-030|Pappag
OP07-031|Bartolomeo
OP07-032|Fisher Tiger
OP07-033|Monkey.D.Luffy
OP07-034|Roronoa Zoro
OP07-035|Karmic Punishment
OP07-036|Demonic Aura Nine-Sword Style Asura Demon Nine Flash
OP07-037|More Pizza!!
OP07-038|Boa Hancock
OP07-039|Edward Weevil
OP07-040|Crocodile
OP07-041|Gloriosa Grandma Nyon
OP07-042|Gecko Moria
OP07-043|Salome
OP07-044|Dracule Mihawk
OP07-045|Jinbe
OP07-046|Sengoku
OP07-047|Trafalgar Law
OP07-048|Donquixote Doflamingo
OP07-049|Buckin
OP07-050|Boa Sandersonia
OP07-051|Boa Hancock
OP07-052|Boa Marigold
OP07-053|Portgas.D.Ace
OP07-054|Marguerite
OP07-055|Snake Dance
OP07-056|Slave Arrow
OP07-057|Perfume Femur
OP07-058|Island of Women
OP07-059|Foxy
OP07-060|Itomimizu
OP07-061|Vinsmoke Sanji
OP07-062|Vinsmoke Reiju
OP07-063|Capote
OP07-064|Sanji
OP07-065|Gina
OP07-066|Tony Tony.Chopper
OP07-067|Tonjit
OP07-068|Hamburg
OP07-069|Pickles
OP07-070|Big Bun
OP07-071|Foxy
OP07-072|Porche
OP07-073|Monkey.D.Luffy
OP07-074|Monda
OP07-075|Slow-Slow Beam
OP07-076|Slow-Slow Beam Sword
OP07-077|We're Going to Claim the One Piece!!!
OP07-078|Megaton Nine-Tails Rush
OP07-079|Rob Lucci
OP07-080|Kaku
OP07-081|Kalifa
OP07-082|Captain John
OP07-083|Gecko Moria
OP07-084|Gismonda
OP07-085|Stussy
OP07-086|Spandam
OP07-087|Baskerville
OP07-088|Hattori
OP07-089|Maha
OP07-090|Morgans
OP07-091|Monkey.D.Luffy
OP07-092|Joseph
OP07-093|Rob Lucci
OP07-094|Shave
OP07-095|Iron Body
OP07-096|Tempest Kick
OP07-097|Vegapunk
OP07-098|Atlas
OP07-099|Usopp
OP07-100|Edison
OP07-101|Shaka
OP07-102|Jinbe
OP07-103|Tony Tony.Chopper
OP07-104|Nico Robin
OP07-105|Pythagoras
OP07-106|Fuza
OP07-107|Franky
OP07-108|Vega Force 01
OP07-109|Monkey.D.Luffy
OP07-110|York
OP07-111|Lilith
OP07-112|Lucy
OP07-113|Roronoa Zoro
OP07-114|He Possesses the World's Most Brilliant Mind
OP07-115|I Re-Quasar Helllp!!
OP07-116|Blaze Slice
OP07-117|Egghead
OP07-118|Sabo
OP07-119|Portgas.D.Ace
OP06-001|Uta
OP06-002|Inazuma
OP06-003|Emporio.Ivankov
OP06-004|Baron Omatsuri
OP06-005|Gasparde
OP06-006|Saga
OP06-007|Shanks
OP06-008|Schneider
OP06-009|Shuraiya
OP06-010|Douglas Bullet
OP06-011|Tot Musica
OP06-012|Bear.King
OP06-013|Monkey.D.Luffy
OP06-014|Ratchet
OP06-015|Lily Carnation
OP06-016|Raise Max
OP06-017|Meteor-Strike of Love
OP06-018|Gum-Gum King Kong Gatling
OP06-019|Blue Dragon Seal Water Stream
OP06-020|Hody Jones
OP06-021|Perona
OP06-022|Yamato
OP06-023|Arlong
OP06-024|Ikaros Much
OP06-025|Camie
OP06-026|Koushirou
OP06-027|Gyro
OP06-028|Zeo
OP06-029|Daruma
OP06-030|Dosun
OP06-031|Hatchan
OP06-032|Hammond
OP06-033|Vander Decken IX
OP06-034|Hyouzou
OP06-035|Hody Jones
OP06-036|Ryuma
OP06-037|Wadatsumi
OP06-038|The Billion-fold World Trichiliocosm
OP06-039|You Ain't Even Worth Killing Time!!
OP06-040|Shark Arrows
OP06-041|The Ark Noah
OP06-042|Vinsmoke Reiju
OP06-043|Aramaki
OP06-044|Gion
OP06-045|Kuzan
OP06-046|Sakazuki
OP06-047|Charlotte Pudding
OP06-048|Zeff
OP06-049|Sengoku
OP06-050|Tashigi
OP06-051|Tsuru
OP06-052|Tokikake
OP06-053|Jaguar.D.Saul
OP06-054|Borsalino
OP06-055|Monkey.D.Garp
OP06-056|Ama no Murakumo Sword
OP06-057|But I Will Never Doubt a Woman's Tears!!!!
OP06-058|Gravity Blade Raging Tiger
OP06-059|White Snake
OP06-060|Vinsmoke Ichiji
OP06-061|Vinsmoke Ichiji
OP06-062|Vinsmoke Judge
OP06-063|Vinsmoke Sora
OP06-064|Vinsmoke Niji
OP06-065|Vinsmoke Niji
OP06-066|Vinsmoke Yonji
OP06-067|Vinsmoke Yonji
OP06-068|Vinsmoke Reiju
OP06-069|Vinsmoke Reiju
OP06-070|Eldoraggo
OP06-071|Gild Tesoro
OP06-072|Cosette
OP06-073|Shiki
OP06-074|Zephyr Navy
OP06-075|Count Battler
OP06-076|Hitokiri Kamazo
OP06-077|Black Bug
OP06-078|GERMA 66
OP06-079|Kingdom of GERMA
OP06-080|Gecko Moria
OP06-081|Absalom
OP06-082|Inuppe
OP06-083|Oars
OP06-084|Jigoro of the Wind
OP06-085|Kumacy
OP06-086|Gecko Moria
OP06-087|Cerberus
OP06-088|Sai
OP06-089|Taralan
OP06-090|Dr. Hogback
OP06-091|Victoria Cindry
OP06-092|Brook
OP06-093|Perona
OP06-094|Lola
OP06-095|Shadows Asgard
OP06-096|...Nothing...at All!!!
OP06-097|Negative Hollow
OP06-098|Thriller Bark
OP06-099|Aisa
OP06-100|Inuarashi
OP06-101|O-Nami
OP06-102|Kamakiri
OP06-103|Kawamatsu
OP06-104|Kikunojo
OP06-105|Genbo
OP06-106|Kouzuki Hiyori
OP06-107|Kouzuki Momonosuke
OP06-108|Tenguyama Hitetsu
OP06-109|Denjiro
OP06-110|Nekomamushi
OP06-111|Braham
OP06-112|Raizo
OP06-113|Raki
OP06-114|Wyper
OP06-115|You're the One Who Should Disappear.
OP06-116|Reject
OP06-117|The Ark Maxim
OP06-118|Roronoa Zoro
OP06-119|Sanji
OP05-001|Sabo
OP05-002|Belo Betty
OP05-003|Inazuma
OP05-004|Emporio.Ivankov
OP05-005|Karasu
OP05-006|Koala
OP05-007|Sabo
OP05-008|Chaka
OP05-009|Toh-Toh
OP05-010|Nico Robin
OP05-011|Bartholomew Kuma
OP05-012|Hack
OP05-013|Bunny Joe
OP05-014|Pell
OP05-015|Belo Betty
OP05-016|Morley
OP05-017|Lindbergh
OP05-018|Emporio Energy Hormone
OP05-019|Fire Fist
OP05-020|Four Thousand-Brick Fist
OP05-021|Revolutionary Army HQ
OP05-022|Donquixote Rosinante
OP05-023|Vergo
OP05-024|Kuween
OP05-025|Gladius
OP05-026|Sarquiss
OP05-027|Trafalgar Law
OP05-028|Donquixote Doflamingo
OP05-029|Donquixote Doflamingo
OP05-030|Donquixote Rosinante
OP05-031|Buffalo
OP05-032|Pica
OP05-033|Baby 5
OP05-034|Baby 5
OP05-035|Bellamy
OP05-036|Monet
OP05-037|Because the Side of Justice Will Be Whichever Side Wins!!
OP05-038|Charlestone
OP05-039|Stick-Stickem Meteora
OP05-040|Birdcage
OP05-041|Sakazuki
OP05-042|Issho
OP05-043|Ulti
OP05-044|John Giant
OP05-045|Stainless
OP05-046|Dalmatian
OP05-047|Basil Hawkins
OP05-048|Bastille
OP05-049|Haccha
OP05-050|Hina
OP05-051|Borsalino
OP05-052|Maynard
OP05-053|Mozambia
OP05-054|Monkey.D.Garp
OP05-055|X.Drake
OP05-056|X.Barrels
OP05-057|Hound Blaze
OP05-058|It's a Waste of Human Life!!
OP05-059|Let Us Begin the World of Violence!!!
OP05-060|Monkey.D.Luffy
OP05-061|Uso-Hachi
OP05-062|O-Nami
OP05-063|O-Robi
OP05-064|Killer
OP05-065|San-Gorou
OP05-066|Jinbe
OP05-067|Zoro-Juurou
OP05-068|Chopa-Emon
OP05-069|Trafalgar Law
OP05-070|Fra-Nosuke
OP05-071|Bepo
OP05-072|Hone-Kichi
OP05-073|Miss DoublefingerZala
OP05-074|"Eustass""Captain""Kid"
OP05-075|Mr.1Daz.Bonez
OP05-076|When You're at Sea You Fight against Pirates!!
OP05-077|Gamma Knife
OP05-078|Punk Rotten
OP05-079|Viola
OP05-080|Elizabello II
OP05-081|One-Legged Toy Soldier
OP05-082|Shirahoshi
OP05-083|Sterry
OP05-084|Saint Charlos
OP05-085|Nefeltari Cobra
OP05-086|Nefeltari Vivi
OP05-087|Hakuba
OP05-088|Mansherry
OP05-089|Saint Mjosgard
OP05-090|Riku Doldo III
OP05-091|Rebecca
OP05-092|Saint Rosward
OP05-093|Rob Lucci
OP05-094|Haute Couture Patch★Work
OP05-095|Dragon Claw
OP05-096|I Bid 500 Million!!
OP05-097|Mary Geoise
OP05-098|Enel
OP05-099|Amazon
OP05-100|Enel
OP05-101|Ohm
OP05-102|Gedatsu
OP05-103|Kotori
OP05-104|Conis
OP05-105|Satori
OP05-106|Shura
OP05-107|Lieutenant Spacey
OP05-108|Nola
OP05-109|Pagaya
OP05-110|Holly
OP05-111|Hotori
OP05-112|Captain McKinley
OP05-113|Yama
OP05-114|El Thor
OP05-115|Two-Hundred Million Volts Amaru
OP05-116|Hino Bird Zap
OP05-117|Upper Yard
OP05-118|Kaido
OP05-119|Monkey.D.Luffy
OP04-001|Nefeltari Vivi
OP04-002|Igaram
OP04-003|Usopp
OP04-004|Karoo
OP04-005|Kung Fu Jugon
OP04-006|Koza
OP04-007|Sanji
OP04-008|Chaka
OP04-009|Super Spot-Billed Duck Troops
OP04-010|Tony Tony.Chopper
OP04-011|Nami
OP04-012|Nefeltari Cobra
OP04-013|Pell
OP04-014|Monkey.D.Luffy
OP04-015|Roronoa Zoro
OP04-016|Bad Manners Kick Course
OP04-017|Happiness Punch
OP04-018|Enchanting Vertigo Dance
OP04-019|Donquixote Doflamingo
OP04-020|Issho
OP04-021|Viola
OP04-022|Eric
OP04-023|Kuro
OP04-024|Sugar
OP04-025|Giolla
OP04-026|Senor Pink
OP04-027|Daddy Masterson
OP04-028|Diamante
OP04-029|Dellinger
OP04-030|Trebol
OP04-031|Donquixote Doflamingo
OP04-032|Baby 5
OP04-033|Machvise
OP04-034|Lao.G
OP04-035|Spiderweb
OP04-036|Donquixote Family
OP04-037|Flapping Thread
OP04-038|The Weak Do Not Have the Right to Choose How They Die!!!
OP04-039|Rebecca
OP04-040|Queen
OP04-041|Apis
OP04-042|Ipponmatsu
OP04-043|Ulti
OP04-044|Kaido
OP04-045|King
OP04-046|Queen
OP04-047|Ice Oni
OP04-048|Sasaki
OP04-049|Jack
OP04-050|Hanger
OP04-051|Who's.Who
OP04-052|Black Maria
OP04-053|Page One
OP04-054|Rokki
OP04-055|Plague Rounds
OP04-056|Gum-Gum Red Roc
OP04-057|Dragon Twister Demolition Breath
OP04-058|Crocodile
OP04-059|Iceburg
OP04-060|Crocodile
OP04-061|Tom
OP04-062|Bananagator
OP04-063|Franky
OP04-064|Ms. All Sunday
OP04-065|Miss.GoldenweekMarianne
OP04-066|Miss.ValentineMikita
OP04-067|Miss.MerryChristmasDrophy
OP04-068|Yokozuna
OP04-069|Mr.2.Bon.KureiBentham
OP04-070|Mr.3Galdino
OP04-071|Mr.4Babe
OP04-072|Mr.5Gem
OP04-073|Mr.13 & Ms.Friday
OP04-074|Colors Trap
OP04-075|Nez-Palm Cannon
OP04-076|Weakness...Is an Unforgivable Sin.
OP04-077|Ideo
OP04-078|Oimo & Kashii
OP04-079|Orlumbus
OP04-080|Gyats
OP04-081|Cavendish
OP04-082|Kyros
OP04-083|Sabo
OP04-084|Stussy
OP04-085|Suleiman
OP04-086|Chinjao
OP04-087|Trafalgar Law
OP04-088|Hajrudin
OP04-089|Bartolomeo
OP04-090|Monkey.D.Luffy
OP04-091|Leo
OP04-092|Rebecca
OP04-093|Gum-Gum King Kong Gun
OP04-094|Trueno Bastardo
OP04-095|Barrier!!
OP04-096|Corrida Coliseum
OP04-097|Otama
OP04-098|Toko
OP04-099|Olin
OP04-100|"Capone""Gang""Bege"
OP04-101|Carmel
OP04-102|Kin'emon
OP04-103|Kouzuki Hiyori
OP04-104|Sanji
OP04-105|Charlotte Amande
OP04-106|Charlotte Bavarois
OP04-107|Charlotte Perospero
OP04-108|Charlotte Moscato
OP04-109|Tonoyasu
OP04-110|Pound
OP04-111|Hera
OP04-112|Yamato
OP04-113|Rabiyan
OP04-114|Randolph
OP04-115|Gun Modoki
OP04-116|Diable Jambe Joue Shot
OP04-117|Heavenly Fire
OP04-118|Nefeltari Vivi
OP04-119|Donquixote Rosinante
OP03-001|Portgas.D.Ace
OP03-002|Adio
OP03-003|Izo
OP03-004|Curiel
OP03-005|Thatch
OP03-006|Speed Jil
OP03-007|Namule
OP03-008|Buggy
OP03-009|Haruta
OP03-010|Fossa
OP03-011|Blamenco
OP03-012|Marshall.D.Teach
OP03-013|Marco
OP03-014|Monkey.D.Garp
OP03-015|Lim
OP03-016|Flame Emperor
OP03-017|Cross Fire
OP03-018|Fire Fist
OP03-019|Fiery Doll
OP03-020|Striker
OP03-021|Kuro
OP03-022|Arlong
OP03-023|Alvida
OP03-024|Gin
OP03-025|Krieg
OP03-026|Kuroobi
OP03-027|Sham
OP03-028|Jango
OP03-029|Chew
OP03-030|Nami
OP03-031|Pearl
OP03-032|Buggy
OP03-033|Hatchan
OP03-034|Buchi
OP03-035|Momoo
OP03-036|Out-of-the-Bag
OP03-037|Tooth Attack
OP03-038|Deathly Poison Gas Bomb MH5
OP03-039|One, Two, Jango
OP03-040|Nami
OP03-041|Usopp
OP03-042|Usopp's Pirate Crew
OP03-043|Gaimon
OP03-044|Kaya
OP03-045|Carne
OP03-046|Genzo
OP03-047|Zeff
OP03-048|Nojiko
OP03-049|Patty
OP03-050|Boodle
OP03-051|Bell-mère
OP03-052|Merry
OP03-053|Yosaku & Johnny
OP03-054|Usopp's Rubber Band of Doom!!!
OP03-055|Gum-Gum Giant Gavel
OP03-056|Sanji's Pilaf
OP03-057|Three Thousand Worlds
OP03-058|Iceburg
OP03-059|Kaku
OP03-060|Kalifa
OP03-061|Kiwi & Mozu
OP03-062|Kokoro
OP03-063|Zambai
OP03-064|Tilestone
OP03-065|Chimney & Gonbe
OP03-066|Paulie
OP03-067|Peepley Lulu
OP03-068|Minozebra
OP03-069|Minorhinoceros
OP03-070|Monkey.D.Luffy
OP03-071|Rob Lucci
OP03-072|Gum-Gum Jet Gatling
OP03-073|Hull Dismantler Slash
OP03-074|Top Knot
OP03-075|Galley-La Company
OP03-076|Rob Lucci
OP03-077|Charlotte Linlin
OP03-078|Issho
OP03-079|Vergo
OP03-080|Kaku
OP03-081|Kalifa
OP03-082|Kumadori
OP03-083|Corgy
OP03-084|Jerry
OP03-085|Jabra
OP03-086|Spandam
OP03-087|Nero
OP03-088|Fukurou
OP03-089|Brannew
OP03-090|Blueno
OP03-091|Helmeppo
OP03-092|Rob Lucci
OP03-093|Wanze
OP03-094|Air Door
OP03-095|Soap Sheep
OP03-096|Tempest Kick Sky Slicer
OP03-097|Six King Pistol
OP03-098|Enies Lobby
OP03-099|Charlotte Katakuri
OP03-100|Kingbaum
OP03-101|Camie
OP03-102|Sanji
OP03-103|Bobbin the Disposer
OP03-104|Shirley
OP03-105|Charlotte Oven
OP03-106|Charlotte Opera
OP03-107|Charlotte Galette
OP03-108|Charlotte Cracker
OP03-109|Charlotte Chiffon
OP03-110|Charlotte Smoothie
OP03-111|Charlotte Praline
OP03-112|Charlotte Pudding
OP03-113|Charlotte Perospero
OP03-114|Charlotte Linlin
OP03-115|Streusen
OP03-116|Shirahoshi
OP03-117|Napoleon
OP03-118|Ikoku Sovereignty
OP03-119|Buzz Cut Mochi
OP03-120|Tropical Torment
OP03-121|Thunder Bolt
OP03-122|Sogeking
OP03-123|Charlotte Katakuri
OP02-001|Edward.Newgate
OP02-002|Monkey.D.Garp
OP02-003|Atmos
OP02-004|Edward.Newgate
OP02-005|Curly.Dadan
OP02-006|Kingdew
OP02-007|Thatch
OP02-008|Jozu
OP02-009|Squard
OP02-010|Dogura
OP02-011|Vista
OP02-012|Blenheim
OP02-013|Portgas.D.Ace
OP02-014|Whitey Bay
OP02-015|Makino
OP02-016|Magura
OP02-017|Masked Deuce
OP02-018|Marco
OP02-019|Rakuyo
OP02-020|LittleOars Jr.
OP02-021|Seaquake
OP02-022|Whitebeard Pirates
OP02-023|You May Be a Fool...but I Still Love You
OP02-024|Moby Dick
OP02-025|Kin'emon
OP02-026|Sanji
OP02-027|Inuarashi
OP02-028|Usopp
OP02-029|Carrot
OP02-030|Kouzuki Oden
OP02-031|Kouzuki Toki
OP02-032|Shishilian
OP02-033|Jinbe
OP02-034|Tony Tony.Chopper
OP02-035|Trafalgar Law
OP02-036|Nami
OP02-037|Nico Robin
OP02-038|Nekomamushi
OP02-039|Franky
OP02-040|Brook
OP02-041|Monkey.D.Luffy
OP02-042|Yamato
OP02-043|Roronoa Zoro
OP02-044|Wanda
OP02-045|Three Sword Style Oni Giri
OP02-046|Diable Jambe Venaison Shoot
OP02-047|Paradise Totsuka
OP02-048|Land of Wano
OP02-049|Emporio.Ivankov
OP02-050|Inazuma
OP02-051|Emporio.Ivankov
OP02-052|Cabaji
OP02-053|Crocodile
OP02-054|Gecko Moria
OP02-055|Dracule Mihawk
OP02-056|Donquixote Doflamingo
OP02-057|Bartholomew Kuma
OP02-058|Buggy
OP02-059|Boa Hancock
OP02-060|Mohji
OP02-061|Morley
OP02-062|Monkey.D.Luffy
OP02-063|Mr.1Daz.Bonez
OP02-064|Mr.2.Bon.KureiBentham
OP02-065|Mr.3Galdino
OP02-066|Impel Down All Stars
OP02-067|Arabesque Brick Fist
OP02-068|Gum-Gum Rain
OP02-069|DEATH WINK
OP02-070|New Kama Land
OP02-071|Magellan
OP02-072|Zephyr
OP02-073|Little Sadi
OP02-074|Saldeath
OP02-075|Shiki
OP02-076|Shiryu
OP02-077|Solitaire
OP02-078|Daifugo
OP02-079|Douglas Bullet
OP02-080|Dobon
OP02-081|Domino
OP02-082|Byrnndi World
OP02-083|Hannyabal
OP02-084|Blugori
OP02-085|Magellan
OP02-086|Minokoala
OP02-087|Minotaur
OP02-088|Sphinx
OP02-089|Judgment of Hell
OP02-090|Hydra
OP02-091|Venom Road
OP02-092|Impel Down
OP02-093|Smoker
OP02-094|Isuka
OP02-095|Onigumo
OP02-096|Kuzan
OP02-097|Komille
OP02-098|Koby
OP02-099|Sakazuki
OP02-100|Jango
OP02-101|Strawberry
OP02-102|Smoker
OP02-103|Sengoku
OP02-104|Sentomaru
OP02-105|Tashigi
OP02-106|Tsuru
OP02-107|Doberman
OP02-108|Donquixote Rosinante
OP02-109|Jaguar.D.Saul
OP02-110|Hina
OP02-111|Fullbody
OP02-112|Bell-mère
OP02-113|Helmeppo
OP02-114|Borsalino
OP02-115|Monkey.D.Garp
OP02-116|Yamakaji
OP02-117|Ice Age
OP02-118|Yasakani Sacred Jewel
OP02-119|Meteor Volcano
OP02-120|Uta
OP02-121|Kuzan
OP01-001|Roronoa Zoro
OP01-002|Trafalgar Law
OP01-003|Monkey.D.Luffy
OP01-004|Usopp
OP01-005|Uta
OP01-006|Otama
OP01-007|Caribou
OP01-008|Cavendish
OP01-009|Carrot
OP01-010|Komachiyo
OP01-011|Gordon
OP01-012|Sai
OP01-013|Sanji
OP01-014|Jinbe
OP01-015|Tony Tony.Chopper
OP01-016|Nami
OP01-017|Nico Robin
OP01-018|Hajrudin
OP01-019|Bartolomeo
OP01-020|Hyogoro
OP01-021|Franky
OP01-022|Brook
OP01-023|Marco
OP01-024|Monkey.D.Luffy
OP01-025|Roronoa Zoro
OP01-026|Gum-Gum Fire-Fist Pistol Red Hawk
OP01-027|Round Table
OP01-028|Green Star Rafflesia
OP01-029|Radical Beam!!
OP01-030|In Two Years!! At the Sabaody Archipelago!!
OP01-031|Kouzuki Oden
OP01-032|Ashura Doji
OP01-033|Izo
OP01-034|Inuarashi
OP01-035|Okiku
OP01-036|Otsuru
OP01-037|Kawamatsu
OP01-038|Kanjuro
OP01-039|Killer
OP01-040|Kin'emon
OP01-041|Kouzuki Momonosuke
OP01-042|Komurasaki
OP01-043|Shinobu
OP01-044|Shachi
OP01-045|Jean Bart
OP01-046|Denjiro
OP01-047|Trafalgar Law
OP01-048|Nekomamushi
OP01-049|Bepo
OP01-050|Penguin
OP01-051|"Eustass""Captain""Kid"
OP01-052|Raizo
OP01-053|Wire
OP01-054|X.Drake
OP01-055|You Can Be My Samurai!!
OP01-056|Demon Face
OP01-057|Paradise Waterfall
OP01-058|Punk Gibson
OP01-059|BE-BENG!!
OP01-060|Donquixote Doflamingo
OP01-061|Kaido
OP01-062|Crocodile
OP01-063|Arlong
OP01-064|Alvida
OP01-065|Vergo
OP01-066|Krieg
OP01-067|Crocodile
OP01-068|Gecko Moria
OP01-069|Caesar Clown
OP01-070|Dracule Mihawk
OP01-071|Jinbe
OP01-072|Smiley
OP01-073|Donquixote Doflamingo
OP01-074|Bartholomew Kuma
OP01-075|Pacifista
OP01-076|Bellamy
OP01-077|Perona
OP01-078|Boa Hancock
OP01-079|Ms. All Sunday
OP01-080|Miss DoublefingerZala
OP01-081|Mocha
OP01-082|Monet
OP01-083|Mr.1Daz.Bonez
OP01-084|Mr.2.Bon.KureiBentham
OP01-085|Mr.3Galdino
OP01-086|Overheat
OP01-087|Officer Agents
OP01-088|Desert Spada
OP01-089|Crescent Cutlass
OP01-090|Baroque Works
OP01-091|King
OP01-092|Urashima
OP01-093|Ulti
OP01-094|Kaido
OP01-095|Kyoshirou
OP01-096|King
OP01-097|Queen
OP01-098|Kurozumi Orochi
OP01-099|Kurozumi Semimaru
OP01-100|Kurozumi Higurashi
OP01-101|Sasaki
OP01-102|Jack
OP01-103|Scratchmen Apoo
OP01-104|Speed
OP01-105|Bao Huang
OP01-106|Basil Hawkins
OP01-107|Babanuki
OP01-108|Hitokiri Kamazo
OP01-109|Who's.Who
OP01-110|Fukurokuju
OP01-111|Black Maria
OP01-112|Page One
OP01-113|Holedem
OP01-114|X.Drake
OP01-115|Elephant's Marchoo
OP01-116|Artificial Devil Fruit SMILE
OP01-117|Sheep's Horn
OP01-118|Ulti-Mortar
OP01-119|Thunder Bagua
OP01-120|Shanks
OP01-121|Yamato
ST29-001|Monkey.D.Luffy
ST29-002|Usopp
ST29-003|Kaku
ST29-004|Sanji
ST29-005|Jinbe
ST29-006|Stussy
ST29-007|Tony Tony.Chopper
ST29-008|Nami
ST29-009|Nico Robin
ST29-010|Franky
ST29-011|Brook
ST29-012|Monkey.D.Luffy
ST29-013|Rob Lucci
ST29-014|Roronoa Zoro
ST29-015|Raw Heat Strike
ST29-016|Kizaru!! Compared to Two Years Ago We're a Hundred Times Stronger Now!!
ST29-017|Iai Death Lion Song
OP06-100|Inuarashi
OP06-103|Kawamatsu
OP06-104|Kikunojo
OP06-109|Denjiro
OP06-110|Nekomamushi
OP06-112|Raizo
OP09-035|Portgas.D.Ace
ST13-016|Yamato
ST28-001|Ashura Doji
ST28-002|Izo
ST28-003|Kin'emon
ST28-004|Kouzuki Momonosuke
ST28-005|Yamato
OP09-083|Van Augur
OP09-086|Jesus Burgess
OP09-088|Shiryu
OP09-089|Stronger
OP09-090|Doc Q
OP09-091|Vasco Shot
OP09-095|Laffitte
OP09-099|Fullalead
OP10-084|Sanjuan.Wolf
ST27-001|Avalo Pizarro
ST27-002|Catarina Devon
ST27-003|Kuzan
ST27-004|Sanjuan.Wolf
ST27-005|Marshall.D.Teach
OP05-065|San-Gorou
OP05-066|Jinbe
OP05-070|Fra-Nosuke
OP09-063|Usopp
OP09-070|Nami
OP09-076|Roronoa Zoro
OP09-077|Gum-Gum Lightning
ST14-010|Brook
ST26-001|Soba Mask
ST26-002|Tony Tony.Chopper
ST26-003|Nico Robin
ST26-004|General Franky
ST26-005|Monkey.D.Luffy
OP09-043|Alvida
OP09-045|Cabaji
OP09-051|Buggy
OP09-053|Mohji
OP09-054|Richie
OP09-055|Mr.1Daz.Bonez
OP09-056|Mr.3Galdino
OP09-057|Cross Guild
P-084|Buggy
ST25-001|Alvida
ST25-002|Cabaji
ST25-003|Crocodile & Mihawk
ST25-004|Buggy
ST25-005|Mohji
OP07-021|Urouge
OP07-023|Caribou
OP07-025|Coribou
OP07-031|Bartolomeo
OP07-033|Monkey.D.Luffy
OP07-034|Roronoa Zoro
OP07-037|More Pizza!!
ST24-001|"Capone""Gang""Bege"
ST24-002|Kid & Killer
ST24-003|Basil Hawkins
ST24-004|Law & Bepo
ST24-005|X.Drake
OP09-006|Howling Gab
OP09-010|Bonk Punch
OP09-011|Hongo
OP09-012|Monster
OP09-013|Yasopp
OP09-014|Limejuice
OP09-015|Lucky.Roux
OP09-016|Rockstar
OP09-020|Come On!! We'll Fight You!!
ST23-001|Uta
ST23-002|Shanks
ST23-003|Benn.Beckman
ST23-004|Monkey.D.Luffy
ST23-005|Yasopp
ST22-001|Ace & Newgate
ST22-002|Izo
ST22-003|Edward.Newgate
ST22-004|Elmy
ST22-005|Kouzuki Oden
ST22-006|Jozu
ST22-007|Squard
ST22-008|Decalvan Brothers
ST22-009|Vista
ST22-010|Portgas.D.Ace
ST22-011|Whitey Bay
ST22-012|Marco
ST22-013|LittleOars Jr.
ST22-014|A.O.
ST22-015|I Am Whitebeard!!
ST22-016|Take That Back!! Take Back What You Said!!
ST22-017|Fire Fist
ST21-001|Monkey.D.Luffy
ST21-002|Usopp
ST21-003|Sanji
ST21-004|Jewelry Bonney
ST21-005|Jinbe
ST21-006|Stussy
ST21-007|Sentomaru
ST21-008|Tony Tony.Chopper
ST21-009|Nami
ST21-010|Nico Robin
ST21-011|Franky
ST21-012|Brook
ST21-013|Vegapunk
ST21-014|Monkey.D.Luffy
ST21-015|Roronoa Zoro
ST21-016|Gum-Gum Dawn Whip
ST21-017|Gum-Gum Mole Pistol
OP03-106|Charlotte Opera
OP03-107|Charlotte Galette
OP03-110|Charlotte Smoothie
OP03-112|Charlotte Pudding
OP03-115|Streusen
OP03-118|Ikoku Sovereignty
OP03-121|Thunder Bolt
ST07-005|Charlotte Daifuku
ST07-014|Pekoms
ST20-001|Charlotte Katakuri
ST20-002|Charlotte Cracker
ST20-003|Charlotte Brulee
ST20-004|Charlotte Pudding
ST20-005|Charlotte Linlin
OP02-098|Koby
OP02-106|Tsuru
OP02-108|Donquixote Rosinante
OP02-109|Jaguar.D.Saul
OP02-113|Helmeppo
OP02-116|Yamakaji
OP02-117|Ice Age
OP03-079|Vergo
OP03-089|Brannew
ST19-001|Smoker
ST19-002|Sengoku
ST19-003|Tashigi
ST19-004|Hina
ST19-005|Monkey.D.Garp
OP05-061|Uso-Hachi
OP05-063|O-Robi
OP05-066|Jinbe
OP05-067|Zoro-Juurou
OP05-068|Chopa-Emon
OP05-070|Fra-Nosuke
OP05-072|Hone-Kichi
P-041|Monkey.D.Luffy
ST18-001|Uso-Hachi
ST18-002|O-Nami
ST18-003|San-Gorou
ST18-004|Zoro-Juurou
ST18-005|Luffy-Tarou
OP01-073|Donquixote Doflamingo
OP01-086|Overheat
OP02-054|Gecko Moria
OP02-057|Bartholomew Kuma
P-030|Jinbe
ST03-002|Edward Weevil
ST03-004|Gecko Moria
ST03-005|Dracule Mihawk
ST03-008|Trafalgar Law
ST17-001|Crocodile
ST17-002|Trafalgar Law
ST17-003|Buggy
ST17-004|Boa Hancock
ST17-005|Marshall.D.Teach
P-029|Bartolomeo
P-061|Monkey.D.Luffy
ST16-001|Uta
ST16-002|Gordon
ST16-003|Charlotte Katakuri
ST16-004|Shanks
ST16-005|Monkey.D.Luffy
OP02-008|Jozu
OP02-018|Marco
OP02-019|Rakuyo
OP02-023|You May Be a Fool...but I Still Love You
OP03-003|Izo
OP03-006|Speed Jil
OP03-007|Namule
OP03-009|Haruta
OP03-010|Fossa
ST15-001|Atmos
ST15-002|Edward.Newgate
ST15-003|Kingdew
ST15-004|Thatch
ST15-005|Portgas.D.Ace
ST14-001|Monkey.D.Luffy
ST14-002|Usopp
ST14-003|Sanji
ST14-004|Jinbe
ST14-005|Tony Tony.Chopper
ST14-006|Nami
ST14-007|Nico Robin
ST14-008|Haredas
ST14-009|Franky
ST14-010|Brook
ST14-011|Heracles
ST14-012|Monkey.D.Luffy
ST14-013|Roronoa Zoro
ST14-014|Gum-Gum Giant Rifle
ST14-015|Gum-Gum Diable Three-Swords Style Mouten Jet Six Hundred Pound Phoenix Cannon
ST14-016|I Have My Crew!!
ST14-017|Thousand Sunny
ST13-001|Sabo
ST13-002|Portgas.D.Ace
ST13-003|Monkey.D.Luffy
ST13-004|Edward.Newgate
ST13-005|Emporio.Ivankov
ST13-006|Curly.Dadan
ST13-007|Sabo
ST13-008|Sabo
ST13-009|Shanks
ST13-010|Portgas.D.Ace
ST13-011|Portgas.D.Ace
ST13-012|Makino
ST13-013|Monkey.D.Garp
ST13-014|Monkey.D.Luffy
ST13-015|Monkey.D.Luffy
ST13-016|Yamato
ST13-017|Flame Dragon King
ST13-018|Gum-Gum Jet Spear
ST13-019|The Three Brothers' Bond
ST12-001|Roronoa Zoro & Sanji
ST12-002|Kuina
ST12-003|Dracule Mihawk
ST12-004|Humandrill
ST12-005|Perona
ST12-006|Yosaku & Johnny
ST12-007|Rika
ST12-008|Roronoa Zoro
ST12-009|Elephant True Bluefin
ST12-010|Emporio.Ivankov
ST12-011|Sanji
ST12-012|Charlotte Pudding
ST12-013|Zeff
ST12-014|Duval
ST12-015|Patty & Carne
ST12-016|Lion Strike
ST12-017|Plastic Surgery Shot
ST11-001|Uta
ST11-002|Uta
ST11-003|Backlight
ST11-004|New Genesis
ST11-005|I'm invincible
ST10-001|Trafalgar Law
ST10-002|Monkey.D.Luffy
ST10-003|"Eustass""Captain""Kid"
ST10-004|Sanji
ST10-005|Jinbe
ST10-006|Monkey.D.Luffy
ST10-007|Killer
ST10-008|Shachi & Penguin
ST10-009|Jean Bart
ST10-010|Trafalgar Law
ST10-011|Heat
ST10-012|Bepo
ST10-013|"Eustass""Captain""Kid"
ST10-014|Wire
ST10-015|Gum-Gum Giant Sumo Slap
ST10-016|Gum-Gum Kong Gatling
ST10-017|Punk Vise
ST09-001|Yamato
ST09-002|Uzuki Tempura
ST09-003|Ulti
ST09-004|Kaido
ST09-005|Kouzuki Oden
ST09-006|Kouzuki Momonosuke
ST09-007|Shinobu
ST09-008|Shimotsuki Ushimaru
ST09-009|Fugetsu Omusubi
ST09-010|Portgas.D.Ace
ST09-011|Monkey.D.Luffy
ST09-012|Yamato
ST09-013|Yamato
ST09-014|Narikabura Arrow
ST09-015|Thunder Bagua
ST08-001|Monkey.D.Luffy
ST08-002|Uta
ST08-003|Gaimon
ST08-004|Koby
ST08-005|Shanks
ST08-006|Shirahoshi
ST08-007|Nefeltari Vivi
ST08-008|Higuma
ST08-009|Makino
ST08-010|Monkey.D.Garp
ST08-011|Monkey.D.Luffy
ST08-012|Laboon
ST08-013|Mr.2.Bon.KureiBentham
ST08-014|Gum-Gum Bell
ST08-015|Gum-Gum Pistol
ST07-001|Charlotte Linlin
ST07-002|Charlotte Anana
ST07-003|Charlotte Katakuri
ST07-004|Charlotte Snack
ST07-005|Charlotte Daifuku
ST07-006|Charlotte Flampe
ST07-007|Charlotte Brulee
ST07-008|Charlotte Pudding
ST07-009|Charlotte Mont-d'or
ST07-010|Charlotte Linlin
ST07-011|Zeus
ST07-012|Baron Tamago
ST07-013|Prometheus
ST07-014|Pekoms
ST07-015|Soul Pocus
ST07-016|Power Mochi
ST07-017|Queen Mama Chanter
ST06-001|Sakazuki
ST06-002|Koby
ST06-003|Jango
ST06-004|Smoker
ST06-005|Sengoku
ST06-006|Tashigi
ST06-007|Tsuru
ST06-008|Hina
ST06-009|Fullbody
ST06-010|Helmeppo
ST06-011|Momonga
ST06-012|Monkey.D.Garp
ST06-013|T-Bone
ST06-014|Shockwave
ST06-015|Great Eruption
ST06-016|White Out
ST06-017|Navy HQ
ST05-001|Shanks
ST05-002|Ain
ST05-003|Ann
ST05-004|Uta
ST05-005|Carina
ST05-006|Gild Tesoro
ST05-007|Gordon
ST05-008|Shiki
ST05-009|Scarlet
ST05-010|Zephyr
ST05-011|Douglas Bullet
ST05-012|Baccarat
ST05-013|Bins
ST05-014|Buena Festa
ST05-015|Dr. Indigo
ST05-016|Lion's Threat Imperial Earth Bind
ST05-017|Union Armada
ST04-001|Kaido
ST04-002|Ulti
ST04-003|Kaido
ST04-004|King
ST04-005|Queen
ST04-006|Sasaki
ST04-007|Sheepshead
ST04-008|Jack
ST04-009|Ginrummy
ST04-010|Who's.Who
ST04-011|Black Maria
ST04-012|Page One
ST04-013|X.Drake
ST04-014|"Lead Performer ""Disaster"""
ST04-015|Brachio Bomber
ST04-016|Blast Breath
ST04-017|Onigashima Island
ST03-001|Crocodile
ST03-002|Edward Weevil
ST03-003|Crocodile
ST03-004|Gecko Moria
ST03-005|Dracule Mihawk
ST03-006|Jinbe
ST03-007|Sentomaru
ST03-008|Trafalgar Law
ST03-009|Donquixote Doflamingo
ST03-010|Bartholomew Kuma
ST03-011|Buggy
ST03-012|Pacifista
ST03-013|Boa Hancock
ST03-014|Marshall.D.Teach
ST03-015|Sables
ST03-016|Thrust Pad Cannon
ST03-017|Love-Love Mellow
ST02-001|"Eustass""Captain""Kid"
ST02-002|Vito
ST02-003|Urouge
ST02-004|"Capone""Gang""Bege"
ST02-005|Killer
ST02-006|Koby
ST02-007|Jewelry Bonney
ST02-008|Scratchmen Apoo
ST02-009|Trafalgar Law
ST02-010|Basil Hawkins
ST02-011|Heat
ST02-012|Bepo
ST02-013|"Eustass""Captain""Kid"
ST02-014|X.Drake
ST02-015|Scalpel
ST02-016|Repel
ST02-017|Straw Sword
ST01-001|Monkey.D.Luffy
ST01-002|Usopp
ST01-003|Karoo
ST01-004|Sanji
ST01-005|Jinbe
ST01-006|Tony Tony.Chopper
ST01-007|Nami
ST01-008|Nico Robin
ST01-009|Nefeltari Vivi
ST01-010|Franky
ST01-011|Brook
ST01-012|Monkey.D.Luffy
ST01-013|Roronoa Zoro
ST01-014|Guard Point
ST01-015|Gum-Gum Jet Pistol
ST01-016|Diable Jambe
ST01-017|Thousand Sunny
P-001|Monkey.D.Luffy
P-002|I Smell Adventure!!!
P-003|"Eustass""Captain""Kid"
P-004|Crocodile
P-005|Kaido
P-006|Monkey.D.Luffy
P-007|Monkey.D.Luffy
P-008|Yamato
P-009|Trafalgar Law
P-010|Kaido
P-011|Uta
P-012|Jellyfish Pirates
P-013|Gordon
P-014|Koby
P-015|Sunny-Kun
P-016|Shanks
P-017|Trafalgar Law
P-018|Bartolomeo
P-019|Bepo
P-020|Helmeppo
P-021|Benn.Beckman
P-022|Monkey.D.Luffy
P-023|Yasopp
P-024|I'm Gonna Be King of the Pirates!!
P-025|Smoker
P-026|Morgan
P-027|General Franky
P-028|Portgas.D.Ace
P-029|Bartolomeo
P-030|Jinbe
P-031|Uta
P-032|Sengoku
P-033|Monkey.D.Luffy
P-034|Sanji
P-035|Monkey.D.Luffy
P-036|Monkey.D.Luffy
P-037|Monkey.D.Luffy
P-039|Bellamy
P-041|Monkey.D.Luffy
P-042|Roronoa Zoro
P-043|Monkey.D.Luffy
P-045|Roronoa Zoro
P-046|Yamato
P-047|Monkey.D.Luffy
P-048|Arlong
P-049|Usopp
P-050|Sanji
P-051|Shanks
P-052|Dracule Mihawk
P-053|Nami
P-054|Monkey.D.Garp
P-055|Monkey.D.Luffy
P-056|Roronoa Zoro
P-057|Fleeting Lullaby
P-058|Where the Wind Blows
P-059|The World's Continuation
P-060|Tot Musica
P-061|Monkey.D.Luffy
P-062|Hody & Hyouzou
P-065|Tony Tony.Chopper
P-068|Sanji
P-069|Koala
P-070|Carrot
P-071|Marco
P-076|Sakazuki
P-077|Ulti
P-078|Adio
P-079|Lim
P-081|Dracule Mihawk
P-082|Crocodile
P-083|Shanks
P-085|Jewelry Bonney
P-088|Trafalgar Law
P-089|Tony Tony.Chopper
P-090|Charlotte Smoothie
P-091|Shirahoshi
P-092|Koby
P-097|Shanks
P-098|Buggy
P-099|Monkey.D.Luffy
P-100|Marshall.D.Teach
P-101|Tony Tony.Chopper
P-102|Nami
P-103|Portgas.D.Ace
P-104|Shanks
P-105|Sabo
P-106|Monkey.D.Luffy
P-107|Gol.D.Roger
P-111|Nico Robin
P-112|Nami
P-113|Jewelry Bonney
P-117|Nami
P-093|Trafalgar Law
